RptDt;TckrSymb;SctyId;SctySrc;MktIdrCd;AsstDesc;FrstPric;MinPric;MaxPric;TradAvrgPric;PrvsDayClsgPric;LastPric;OscnPctg;IndxVal;SttlmVal
2018-01-02;INDX;10018385;8;BVMF;INDUSTRIAL;15087.79;15087.79;15414.13;15345;15087.79;15386.97;0.01982918397;15386.97;15384.6785
2018-01-03;INDX;10018385;8;BVMF;INDUSTRIAL;15385.38;15346.19;15518.43;15457.18;15386.97;15360.96;-0.00168994278;15360.96;15443.3113
2018-01-04;INDX;10018385;8;BVMF;INDUSTRIAL;15361.61;15361.61;15583.54;15525.79;15360.96;15506.2;0.00945502868;15506.2;15533.1413
2018-01-05;INDX;10018385;8;BVMF;INDUSTRIAL;15506.1;15459.36;15607.98;15554.75;15506.2;15574.04;0.00437471084;15574.04;15553.0639
2018-01-08;INDX;10018385;8;BVMF;INDUSTRIAL;15574.04;15539.36;15651.37;15582.76;15574.04;15651.37;0.0049653296;15651.37;15590.7128
2018-01-09;INDX;10018385;8;BVMF;INDUSTRIAL;15651.38;15606.34;15692.53;15650.64;15651.37;15628.17;-0.00148197392;15628.17;15635.0638
2018-01-10;INDX;10018385;8;BVMF;INDUSTRIAL;15627.72;15495.85;15627.72;15564.39;15628.17;15546.3;-0.00523854886;15546.3;15580.5046
2018-01-11;INDX;10018385;8;BVMF;INDUSTRIAL;15546.47;15530.81;15794.54;15655.65;15546.3;15788.67;0.01559028351;15788.67;15705.5336
2018-01-12;INDX;10018385;8;BVMF;INDUSTRIAL;15788.69;15685.28;15866;15773.01;15788.67;15785.35;-0.00021046918;15785.35;15757.9205
2018-01-15;INDX;10018385;8;BVMF;INDUSTRIAL;15785.78;15785.78;15926.87;15890.5;15785.35;15887.28;0.00645729212;15887.28;15882.0441
2018-01-16;INDX;10018385;8;BVMF;INDUSTRIAL;15887.43;15846.59;16020.9;15960.49;15887.28;15862.2;-0.00157904677;15862.2;15941.0136
2018-01-17;INDX;10018385;8;BVMF;INDUSTRIAL;15865.21;15832.61;15939.69;15872.56;15862.2;15939.69;0.00488562565;15939.69;15889.9707
2018-01-18;INDX;10018385;8;BVMF;INDUSTRIAL;15939.89;15792.06;15989.5;15887.17;15939.69;15822.14;-0.00737452041;15822.14;15842.7929
2018-01-19;INDX;10018385;8;BVMF;INDUSTRIAL;15822.47;15822.47;15943.98;15890.87;15822.14;15885.09;0.00397822846;15885.09;15879.4618
2018-01-22;INDX;10018385;8;BVMF;INDUSTRIAL;15885.09;15835.17;15934.16;15871.73;15885.09;15859.12;-0.00163487258;15859.12;15867.7314
2018-01-23;INDX;10018385;8;BVMF;INDUSTRIAL;15859.79;15584.86;15859.79;15680.64;15859.12;15620.8;-0.01502696662;15620.8;15624.4042
2018-01-24;INDX;10018385;8;BVMF;INDUSTRIAL;15621.46;15621.46;15897.56;15816.94;15620.8;15855.6;0.01503065488;15855.6;15814.4246
2018-01-26;INDX;10018385;8;BVMF;INDUSTRIAL;15855.6;15804.74;15968.05;15916.11;15855.6;15967.87;0.00708134723;15967.87;15938.3229
2018-01-29;INDX;10018385;8;BVMF;INDUSTRIAL;15967.88;15860.26;16034.35;15936.86;15967.87;15948.58;-0.00120806654;15948.58;15897.6901
2018-01-30;INDX;10018385;8;BVMF;INDUSTRIAL;15948.48;15849.05;15969.04;15911.83;15948.58;15949.91;;15949.91;15913.1547
2018-01-31;INDX;10018385;8;BVMF;INDUSTRIAL;15950.22;15836.08;16118.77;16001.7;15949.91;15836.08;-0.00713627056;15836.08;15939.1246
2018-02-01;INDX;10018385;8;BVMF;INDUSTRIAL;15836.25;15833.46;16124;16035.57;15836.08;16021.29;0.01169526109;16021.29;16070.3619
2018-02-02;INDX;10018385;8;BVMF;INDUSTRIAL;16019.99;15818.66;16019.99;15885.97;16021.29;15876.48;-0.00903842819;15876.48;15902.6701
2018-02-05;INDX;10018385;8;BVMF;INDUSTRIAL;15876.48;15525.69;15876.48;15744.75;15876.48;15525.69;-0.02209504957;15525.69;15712.9464
2018-02-06;INDX;10018385;8;BVMF;INDUSTRIAL;15525.38;15252.97;15734.68;15547.2;15525.69;15674.58;0.00958978163;15674.58;15636.0186
2018-02-07;INDX;10018385;8;BVMF;INDUSTRIAL;15674.58;15542.48;15811.26;15679.94;15674.58;15585.89;-0.00565837999;15585.89;15625.2874
2018-02-08;INDX;10018385;8;BVMF;INDUSTRIAL;15583.29;15263.09;15730.37;15504.1;15585.89;15320.15;-0.01705005481;15320.15;15340.9881
2018-02-09;INDX;10018385;8;BVMF;INDUSTRIAL;15320.15;14936.59;15364.45;15168.58;15320.15;15195.05;-0.00816582678;15195.05;15057.9237
2018-02-14;INDX;10018385;8;BVMF;INDUSTRIAL;15197.75;15197.75;15686.5;15573.19;15195.05;15634.89;0.02894692429;15634.89;15607.7684
2018-02-15;INDX;10018385;8;BVMF;INDUSTRIAL;15639.2;15602.08;15782.42;15680.21;15634.89;15633.58;;15633.58;15646.5991
2018-02-16;INDX;10018385;8;BVMF;INDUSTRIAL;15634.56;15517.14;15737.91;15637.22;15633.58;15737.91;0.00667331475;15737.91;15681.4452
2018-02-19;INDX;10018385;8;BVMF;INDUSTRIAL;15738.23;15738.23;15916.33;15840.61;15737.91;15915.69;0.01129640082;15915.69;15862.7776
2018-02-20;INDX;10018385;8;BVMF;INDUSTRIAL;15915.69;15811.38;16083.58;15962.36;15915.69;16007.41;0.00576301522;16007.41;16008.182
2018-02-21;INDX;10018385;8;BVMF;INDUSTRIAL;16007.41;16007.41;16166.32;16081.98;16007.41;16018.73;0.00070669259;16018.73;16091.7386
2018-02-22;INDX;10018385;8;BVMF;INDUSTRIAL;16018.79;16003.73;16193.38;16100.25;16018.73;16049.64;0.00192979166;16049.64;16039.5764
2018-02-23;INDX;10018385;8;BVMF;INDUSTRIAL;16049.64;15904.67;16127.37;15988.79;16049.64;16011.78;-0.00235920698;16011.78;15971.42
2018-02-26;INDX;10018385;8;BVMF;INDUSTRIAL;16014.31;15989.7;16225.29;16079.26;16011.78;16035.34;0.00147156382;16035.34;16043.4027
2018-02-27;INDX;10018385;8;BVMF;INDUSTRIAL;16035.55;15920.22;16094.27;16009.49;16035.34;15974.5;-0.00379382558;15974.5;16005.2897
2018-02-28;INDX;10018385;8;BVMF;INDUSTRIAL;15974.5;15833.36;16062.59;15942.59;15974.5;15844.06;-0.00816576091;15844.06;15933.7398
2018-03-01;INDX;10018385;8;BVMF;INDUSTRIAL;15844.9;15770.23;16072.25;15942.28;15844.06;15882.01;0.00239533958;15882.01;15866.6802
2018-03-02;INDX;10018385;8;BVMF;INDUSTRIAL;15882.01;15614.2;15924.82;15778.92;15882.01;15924.82;0.00269536731;15924.82;15842.489
2018-03-05;INDX;10018385;8;BVMF;INDUSTRIAL;15926.12;15564.17;15927.9;15652.43;15924.82;15589.93;-0.02102906292;15589.93;15613.0321
2018-03-06;INDX;10018385;8;BVMF;INDUSTRIAL;15591.57;15494.76;15669.8;15564.43;15589.93;15494.76;-0.00610472945;15494.76;15562.4388
2018-03-07;INDX;10018385;8;BVMF;INDUSTRIAL;15494.76;15395.69;15636.45;15501.5;15494.76;15634.25;0.00900216375;15634.25;15516.6549
2018-03-08;INDX;10018385;8;BVMF;INDUSTRIAL;15634.39;15560.34;15689.13;15621.54;15634.25;15636.67;0.00015477157;15636.67;15625.9434
2018-03-09;INDX;10018385;8;BVMF;INDUSTRIAL;15636.67;15588.03;15931.42;15843.99;15636.67;15931.42;0.0188499613;15931.42;15876.5607
2018-03-12;INDX;10018385;8;BVMF;INDUSTRIAL;15931.42;15931.42;16169.26;16116.6;15931.42;16132.37;0.01261377837;16132.37;16137.6099
2018-03-13;INDX;10018385;8;BVMF;INDUSTRIAL;16132.37;16083.07;16266.54;16160.66;16132.37;16156.74;0.00151031705;16156.74;16126.4333
2018-03-14;INDX;10018385;8;BVMF;INDUSTRIAL;16156.74;16104.47;16288.02;16174.7;16156.74;16167.84;0.00068678984;16167.84;16161.4424
2018-03-15;INDX;10018385;8;BVMF;INDUSTRIAL;16168.11;15895.74;16168.11;15985.23;16167.84;15901.2;-0.01649144352;15901.2;15940.8204
2018-03-16;INDX;10018385;8;BVMF;INDUSTRIAL;15897.15;15699.08;15955.14;15906.5;15901.2;15892.1;-0.00057275378;15892.1;15916.4199
2018-03-19;INDX;10018385;8;BVMF;INDUSTRIAL;15892.1;15745.92;15979.97;15885.66;15892.1;15867.8;-0.00152916594;15867.8;15885.3673
2018-03-20;INDX;10018385;8;BVMF;INDUSTRIAL;15867.66;15791.52;15963.23;15848.21;15867.8;15833.27;-0.00217588501;15833.27;15838.3407
2018-03-21;INDX;10018385;8;BVMF;INDUSTRIAL;15831.92;15806.28;15984.12;15886.63;15833.27;15961.3;0.00808604175;15961.3;15911.4695
2018-03-22;INDX;10018385;8;BVMF;INDUSTRIAL;15961.66;15857.11;16102.83;15961.25;15961.3;15956.43;-0.00030492083;15956.43;15998.1491
2018-03-23;INDX;10018385;8;BVMF;INDUSTRIAL;15956.43;15804.01;16029.85;15904.18;15956.43;15837.94;-0.00742588851;15837.94;15928.6025
2018-03-26;INDX;10018385;8;BVMF;INDUSTRIAL;15837.95;15795.97;16040.68;15879.72;15837.94;15917.79;0.00504168473;15917.79;15853.3661
2018-03-27;INDX;10018385;8;BVMF;INDUSTRIAL;15912.11;15668.69;15956.28;15810.4;15917.79;15706.83;-0.01325315988;15706.83;15780.2096
2018-03-28;INDX;10018385;8;BVMF;INDUSTRIAL;15706.81;15560.54;15706.81;15624.73;15706.83;15643.42;-0.00403715233;15643.42;15618.7576
2018-03-29;INDX;10018385;8;BVMF;INDUSTRIAL;15643.74;15643.74;15990.51;15863.19;15643.42;15967.66;0.02072703524;15967.66;15910.5315
2018-04-02;INDX;10018385;8;BVMF;INDUSTRIAL;15968.07;15724.15;15994.14;15852.06;15967.66;15830.74;-0.0085747329;15830.74;15796.5761
2018-04-03;INDX;10018385;8;BVMF;INDUSTRIAL;15831.15;15779.45;15936.65;15873.51;15830.74;15894.26;0.00401251926;15894.26;15854.0221
2018-04-04;INDX;10018385;8;BVMF;INDUSTRIAL;15893.54;15628.65;15917.18;15793.87;15894.26;15914.98;0.00130325649;15914.98;15845.8553
2018-04-05;INDX;10018385;8;BVMF;INDUSTRIAL;15928.78;15928.78;16150.77;16072.03;15914.98;16012.96;0.00615639524;16012.96;16036.9677
2018-04-06;INDX;10018385;8;BVMF;INDUSTRIAL;16013.03;15734.32;16013.33;15851.48;16012.96;15908.23;-0.0065399622;15908.23;15851.6835
2018-04-09;INDX;10018385;8;BVMF;INDUSTRIAL;15908.32;15700.86;15978.8;15840.39;15908.23;15722.64;-0.01166652477;15722.64;15801.4109
2018-04-10;INDX;10018385;8;BVMF;INDUSTRIAL;15722.51;15722.51;15909.61;15840.55;15722.64;15908.68;0.01183288804;15908.68;15863.4187
2018-04-11;INDX;10018385;8;BVMF;INDUSTRIAL;15908.03;15853.2;16071.85;15999.78;15908.68;15970.41;0.00388019519;15970.41;15989.3547
2018-04-12;INDX;10018385;8;BVMF;INDUSTRIAL;15970.41;15937.21;16076.17;16004.38;15970.41;16039.18;0.00430601155;16039.18;16001.1336
2018-04-13;INDX;10018385;8;BVMF;INDUSTRIAL;16038.27;15831.51;16047.81;15914.65;16039.18;15906.05;-0.0083002794;15906.05;15917.1074
2018-04-16;INDX;10018385;8;BVMF;INDUSTRIAL;15906.05;15732.42;15939.92;15798.64;15906.05;15753.13;-0.00961396722;15753.13;15785.3166
2018-04-17;INDX;10018385;8;BVMF;INDUSTRIAL;15753.35;15709.69;15952.99;15856.2;15753.13;15924.76;0.01089525809;15924.76;15916.8643
2018-04-18;INDX;10018385;8;BVMF;INDUSTRIAL;15923.61;15923.61;16235.65;16126.73;15924.76;16154.8;0.0144451327;16154.8;16192.4361
2018-04-19;INDX;10018385;8;BVMF;INDUSTRIAL;16155.24;16068.92;16254.64;16166.41;16154.8;16207.19;0.00324309734;16207.19;16152.1436
2018-04-20;INDX;10018385;8;BVMF;INDUSTRIAL;16205.04;16115.53;16259.2;16195;16207.19;16257.6;0.00311042493;16257.6;16222.1989
2018-04-23;INDX;10018385;8;BVMF;INDUSTRIAL;16257.74;16138.64;16284.88;16227.91;16257.6;16199.8;-0.00355550643;16199.8;16214.1618
2018-04-24;INDX;10018385;8;BVMF;INDUSTRIAL;16200.28;16103.1;16382.8;16222.41;16199.8;16140.22;-0.00367742926;16140.22;16163.6604
2018-04-25;INDX;10018385;8;BVMF;INDUSTRIAL;16139.1;15980.09;16143.97;16075.65;16140.22;16102.62;-0.00233003688;16102.62;16099.9436
2018-04-26;INDX;10018385;8;BVMF;INDUSTRIAL;16102.62;16099.52;16303.28;16247.22;16102.62;16261.25;0.00985111944;16261.25;16278.5065
2018-04-27;INDX;10018385;8;BVMF;INDUSTRIAL;16261.29;16159.44;16430.99;16253.78;16261.25;16171.32;-0.00553009755;16171.32;16212.4645
2018-04-30;INDX;10018385;8;BVMF;INDUSTRIAL;16172.62;16044.61;16246.34;16108.33;16171.32;16108.66;-0.00387448831;16108.66;16084.3994
2018-05-02;INDX;10018385;8;BVMF;INDUSTRIAL;16108.45;15963.83;16112.08;16036.16;16108.66;15998.36;-0.00684766524;15998.36;16035.6202
2018-05-03;INDX;10018385;8;BVMF;INDUSTRIAL;15998.46;15793.33;16061.21;15911.93;15998.36;15798.75;-0.01247677571;15798.75;15879.5752
2018-05-04;INDX;10018385;8;BVMF;INDUSTRIAL;15798.45;15685.08;15856.29;15787.13;15798.75;15751.67;-0.00298003992;15751.67;15784.8908
2018-05-07;INDX;10018385;8;BVMF;INDUSTRIAL;15751.34;15601.02;15854.36;15736.39;15751.67;15620.61;-0.0083202335;15620.61;15689.4906
2018-05-08;INDX;10018385;8;BVMF;INDUSTRIAL;15620.79;15540.48;15782.34;15701.93;15620.61;15678.67;0.00371653569;15678.67;15733.4468
2018-05-09;INDX;10018385;8;BVMF;INDUSTRIAL;15688.15;15674.97;15974.81;15851.3;15678.67;15948.26;0.01719472209;15948.26;15912.1022
2018-05-10;INDX;10018385;8;BVMF;INDUSTRIAL;15949.03;15939.85;16199.93;16091.04;15948.26;16047.7;0.00623534694;16047.7;16060.6683
2018-05-11;INDX;10018385;8;BVMF;INDUSTRIAL;16048.04;15973.12;16251.91;16119.3;16047.7;16100.73;0.00330448823;16100.73;16123.6202
2018-05-14;INDX;10018385;8;BVMF;INDUSTRIAL;16102.13;16072.94;16296.43;16180.3;16100.73;16150.5;0.00309123144;16150.5;16114.0849
2018-05-15;INDX;10018385;8;BVMF;INDUSTRIAL;16150.5;16066.52;16290.93;16212.96;16150.5;16235.26;0.0052482427;16235.26;16222.7765
2018-05-16;INDX;10018385;8;BVMF;INDUSTRIAL;16234.83;16210.16;16479.27;16367.62;16235.26;16342.3;0.00659286358;16342.3;16340.2724
2018-05-17;INDX;10018385;8;BVMF;INDUSTRIAL;16341.59;15960.09;16341.59;16114.76;16342.3;16011.71;-0.02022926106;16011.71;16054.4457
2018-05-18;INDX;10018385;8;BVMF;INDUSTRIAL;16003.23;15746.93;16008.13;15884.02;16011.71;15969.57;-0.00263173344;15969.57;15854.9885
2018-05-21;INDX;10018385;8;BVMF;INDUSTRIAL;15974.58;15816;16129.99;15934.16;15969.57;15816.57;-0.00958082002;15816.57;15874.9107
2018-05-22;INDX;10018385;8;BVMF;INDUSTRIAL;15817.45;15693.75;15963.28;15799.11;15816.57;15785.65;-0.00195486139;15785.65;15787.6014
2018-05-23;INDX;10018385;8;BVMF;INDUSTRIAL;15785.65;15635.45;15851.71;15720.58;15785.65;15636.19;-0.00946783249;15636.19;15710.4456
2018-05-24;INDX;10018385;8;BVMF;INDUSTRIAL;15628.55;15496.16;15895.07;15784.51;15636.19;15883.84;0.01583802794;15883.84;15835.4111
2018-05-25;INDX;10018385;8;BVMF;INDUSTRIAL;15883.84;15579.77;15916.37;15722.12;15883.84;15662.28;-0.01394879962;15662.28;15627.6255
2018-05-28;INDX;10018385;8;BVMF;INDUSTRIAL;15650.86;15135.72;15650.86;15280.63;15662.28;15199.05;-0.02957588672;15199.05;15262.1719
2018-05-29;INDX;10018385;8;BVMF;INDUSTRIAL;15199.98;14968.5;15344.03;15146.29;15199.05;15046.27;-0.01005195779;15046.27;15058.5729
2018-05-30;INDX;10018385;8;BVMF;INDUSTRIAL;15046.27;14947.16;15145.26;15072.51;15046.27;15093.67;0.00315046587;15093.67;15103.5123
2018-06-01;INDX;10018385;8;BVMF;INDUSTRIAL;15094.23;14963.77;15424.46;15252.14;15093.67;15387.63;0.01947531999;15387.63;15348.324
2018-06-04;INDX;10018385;8;BVMF;INDUSTRIAL;15386.72;15386.72;15675.57;15599.22;15387.63;15669.78;0.01833641366;15669.78;15640.6843
2018-06-05;INDX;10018385;8;BVMF;INDUSTRIAL;15669.61;15509.18;15831.36;15676.28;15669.78;15537.55;-0.00843837796;15537.55;15643.2414
2018-06-06;INDX;10018385;8;BVMF;INDUSTRIAL;15536.84;15493.28;15681.52;15586.28;15537.55;15639.66;0.00657175415;15639.66;15592.4568
2018-06-07;INDX;10018385;8;BVMF;INDUSTRIAL;15640.09;14694.44;15640.09;15156.23;15639.66;15170.88;-0.02997400057;15170.88;14959.5956
2018-06-08;INDX;10018385;8;BVMF;INDUSTRIAL;15166.81;14776.21;15202.67;14895.73;15170.88;14840.2;-0.02179684869;14840.2;14874.9448
2018-06-11;INDX;10018385;8;BVMF;INDUSTRIAL;14840.65;14675.02;15034.89;14821.62;14840.2;14763.27;-0.00518377254;14763.27;14743.3562
2018-06-12;INDX;10018385;8;BVMF;INDUSTRIAL;14763.27;14711.63;14926.05;14818.77;14763.27;14885.01;0.00824616679;14885.01;14803.0582
2018-06-13;INDX;10018385;8;BVMF;INDUSTRIAL;14886.04;14653.65;14933.31;14800.79;14885.01;14792.95;-0.00618531318;14792.95;14745.2466
2018-06-14;INDX;10018385;8;BVMF;INDUSTRIAL;14794.25;14710.67;14915.9;14818.04;14792.95;14842.08;0.00332126524;14842.08;14797.4688
2018-06-15;INDX;10018385;8;BVMF;INDUSTRIAL;14842.08;14607.14;14896.91;14746.14;14842.08;14792.2;-0.00336064418;14792.2;14701.3129
2018-06-18;INDX;10018385;8;BVMF;INDUSTRIAL;14792.53;14553.66;14794.56;14669.97;14792.2;14689.32;-0.00695499712;14689.32;14687.9209
2018-06-19;INDX;10018385;8;BVMF;INDUSTRIAL;14687.69;14498.93;14791.65;14663.04;14689.32;14653.69;-0.00242548843;14653.69;14696.0266
2018-06-20;INDX;10018385;8;BVMF;INDUSTRIAL;14656.18;14520.52;14723.31;14610.23;14653.69;14689.83;0.00246619817;14689.83;14624.3822
2018-06-21;INDX;10018385;8;BVMF;INDUSTRIAL;14689.83;14498;14767.61;14643.87;14689.83;14523.18;-0.01134476141;14523.18;14599.1846
2018-06-22;INDX;10018385;8;BVMF;INDUSTRIAL;14534.96;14494.76;14651.93;14570.96;14523.18;14593.23;0.00482376567;14593.23;14570.6113
2018-06-25;INDX;10018385;8;BVMF;INDUSTRIAL;14596.23;14475.16;14734.43;14562.91;14593.23;14582.35;-0.0007;14582.34;14566
2018-06-26;INDX;10018385;8;BVMF;INDUSTRIAL;14580.85;14368.74;14630.89;14446.22;14582.34;14498.87;-0.0057;14498.87;14444
2018-06-27;INDX;10018385;8;BVMF;INDUSTRIAL;14500.24;14268.4;14592.15;14413.32;14498.87;14404.66;-0.0064;14404.65;14343
2018-06-28;INDX;10018385;8;BVMF;INDUSTRIAL;14404.65;14320.27;14518.34;14453.1;14404.65;14481.11;0.0053;14481.11;14495
2018-06-29;INDX;10018385;8;BVMF;INDUSTRIAL;14484.13;14471.85;14629.18;14545.06;14481.11;14559.87;0.0054;14559.86;14517
2018-07-02;INDX;10018385;8;BVMF;INDUSTRIAL;14559.86;14491.57;14684.96;14617.3;14559.86;14662.88;0.007;14662.87;14627
2018-07-03;INDX;10018385;8;BVMF;INDUSTRIAL;14662.87;14662.87;14903.28;14839.07;14662.87;14822.79;0.0109;14822.79;14849
2018-07-04;INDX;10018385;8;BVMF;INDUSTRIAL;14822.43;14822.43;15039.97;14936.99;14822.79;15009.69;0.0126;15009.69;14957
2018-07-05;INDX;10018385;8;BVMF;INDUSTRIAL;15010.02;14831.11;15090.15;14951.71;15009.69;14987.18;-0.0014;14987.18;14949
2018-07-06;INDX;10018385;8;BVMF;INDUSTRIAL;14988.6;14910.97;15049.86;14995.77;14987.18;15011.62;0.0016;15011.61;15001
2018-07-10;INDX;10018385;8;BVMF;INDUSTRIAL;15013.96;14967.79;15159.34;15062.07;15011.61;15058.76;0.0031;15058.75;15013
2018-07-11;INDX;10018385;8;BVMF;INDUSTRIAL;15057.69;14902.74;15067.08;14959.96;15058.75;14916.25;-0.0094;14916.25;14931
2018-07-12;INDX;10018385;8;BVMF;INDUSTRIAL;14920.78;14920.78;15108.42;15051.25;14916.25;15089.16;0.0115;15089.16;15061
2018-07-13;INDX;10018385;8;BVMF;INDUSTRIAL;15098.22;15028.14;15145.67;15077.63;15089.16;15072.4;-0.0011;15072.4;15067
2018-07-16;INDX;10018385;8;BVMF;INDUSTRIAL;15072.81;15072.81;15231.07;15171.96;15072.4;15214.64;0.0094;15214.64;15177
2018-07-17;INDX;10018385;8;BVMF;INDUSTRIAL;15214.95;15212.85;15552.63;15427.99;15214.64;15458.55;0.016;15458.54;15492
2018-07-18;INDX;10018385;8;BVMF;INDUSTRIAL;15459.71;15326.13;15550.94;15436.13;15458.54;15353.71;-0.0067;15353.71;15429
2018-07-19;INDX;10018385;8;BVMF;INDUSTRIAL;15353.52;15122.59;15365.23;15266.03;15353.71;15365.23;0.0007;15365.23;15274
2018-07-20;INDX;10018385;8;BVMF;INDUSTRIAL;15366.26;15262.96;15527.03;15387.33;15365.23;15311.1;-0.0035;15311.09;15333
2018-07-23;INDX;10018385;8;BVMF;INDUSTRIAL;15311.09;15275.36;15399.69;15324.04;15311.09;15287.46;-0.0015;15287.46;15314
2018-07-24;INDX;10018385;8;BVMF;INDUSTRIAL;15290.83;15290.83;15496.17;15441.61;15287.46;15461.55;0.0113;15461.55;15435
2018-07-25;INDX;10018385;8;BVMF;INDUSTRIAL;15461.45;15349.6;15553.63;15453.38;15461.55;15521.76;0.0038;15521.75;15485
2018-07-26;INDX;10018385;8;BVMF;INDUSTRIAL;15520.9;15458.54;15666.27;15533.31;15521.75;15487.53;-0.0022;15487.52;15491
2018-07-27;INDX;10018385;8;BVMF;INDUSTRIAL;15488.2;15467.19;15625.68;15548.35;15487.52;15556.66;0.0044;15556.65;15510
2018-07-30;INDX;10018385;8;BVMF;INDUSTRIAL;15557.17;15481.92;15595.49;15538.2;15556.65;15535.24;-0.0013;15535.24;15545
2018-07-31;INDX;10018385;8;BVMF;INDUSTRIAL;15539.04;15407.09;15567.91;15455.38;15535.24;15445.65;-0.0057;15445.64;15445
2018-08-01;INDX;10018385;8;BVMF;INDUSTRIAL;15445.82;15414.45;15562.41;15475.53;15445.64;15434.27;-0.0007;15434.27;15458
2018-08-02;INDX;10018385;8;BVMF;INDUSTRIAL;15435.23;15360.61;15493.98;15443.23;15434.27;15438.79;0.0002;15438.79;15462
2018-08-03;INDX;10018385;8;BVMF;INDUSTRIAL;15437.78;15375.33;15594.65;15487.91;15438.79;15543.89;0.0068;15543.89;15473
2018-08-06;INDX;10018385;8;BVMF;INDUSTRIAL;15544.31;15485.73;15625.38;15547.66;15543.89;15493.47;-0.0032;15493.47;15529
2018-08-07;INDX;10018385;8;BVMF;INDUSTRIAL;15493.47;15328.71;15557.48;15452.61;15493.47;15406.2;-0.0056;15406.2;15385
2018-08-08;INDX;10018385;8;BVMF;INDUSTRIAL;15406.2;15330.23;15536.14;15449.26;15406.2;15383.52;-0.0014;15383.51;15427
2018-08-09;INDX;10018385;8;BVMF;INDUSTRIAL;15384.26;15133.34;15412.49;15254.97;15383.51;15275.84;-0.0069;15275.84;15260
2018-08-10;INDX;10018385;8;BVMF;INDUSTRIAL;15273.99;14894.09;15273.99;14991.95;15275.84;14961.88;-0.0205;14961.88;14950
2018-08-13;INDX;10018385;8;BVMF;INDUSTRIAL;14961.88;14879.8;15162.37;15001.2;14961.88;15138.26;0.0117;15138.26;15039
2018-08-14;INDX;10018385;8;BVMF;INDUSTRIAL;15138.36;15138.36;15356.91;15258.3;15138.26;15303.82;0.0109;15303.82;15284
2018-08-15;INDX;10018385;8;BVMF;INDUSTRIAL;15303.47;15087.25;15303.47;15181.55;15303.82;15101.64;-0.0132;15101.63;15169
2018-08-16;INDX;10018385;8;BVMF;INDUSTRIAL;15102.55;14992.59;15165.23;15082.58;15101.63;15034.58;-0.0044;15034.57;15055
2018-08-17;INDX;10018385;8;BVMF;INDUSTRIAL;15032.65;14895.18;15125.31;14999.28;15034.57;15065.01;0.002;15065.01;15057
2018-08-20;INDX;10018385;8;BVMF;INDUSTRIAL;15065.12;14978.9;15191.71;15104.14;15065.01;15177.15;0.0074;15177.14;15152
2018-08-21;INDX;10018385;8;BVMF;INDUSTRIAL;15176.63;15095.66;15260.67;15201.29;15177.14;15151.62;-0.0016;15151.61;15198
2018-08-22;INDX;10018385;8;BVMF;INDUSTRIAL;15151.07;15109.96;15401.22;15267.62;15151.61;15396.16;0.0161;15396.16;15323
2018-08-23;INDX;10018385;8;BVMF;INDUSTRIAL;15396.16;15324.56;15477.08;15391.59;15396.16;15396.29;;15396.29;15392
2018-08-24;INDX;10018385;8;BVMF;INDUSTRIAL;15396.29;15396.29;15528.61;15474.68;15396.29;15505.71;0.0071;15505.7;15464
2018-08-27;INDX;10018385;8;BVMF;INDUSTRIAL;15506.97;15486.7;15630.5;15588.62;15505.7;15614.77;0.007;15614.77;15599
2018-08-28;INDX;10018385;8;BVMF;INDUSTRIAL;15614.77;15557.69;15682.81;15623.31;15614.77;15675;0.0038;15674.99;15644
2018-08-29;INDX;10018385;8;BVMF;INDUSTRIAL;15673.63;15669.35;15810.61;15743.95;15674.99;15703.71;0.0018;15703.7;15742
2018-08-30;INDX;10018385;8;BVMF;INDUSTRIAL;15703.7;15447.48;15722.17;15562.75;15703.7;15516.57;-0.0119;15516.57;15513
2018-08-31;INDX;10018385;8;BVMF;INDUSTRIAL;15492.33;15354.1;15500.75;15442.23;15516.57;15468.31;-0.0031;15468.31;15442
2018-09-03;INDX;10018385;8;BVMF;INDUSTRIAL;15466.28;15352.27;15480.72;15443.79;15468.31;15477.63;0.0006;15477.63;15461
2018-09-04;INDX;10018385;8;BVMF;INDUSTRIAL;15477.78;15348.45;15520.49;15434.21;15477.63;15374.57;-0.0066;15374.56;15414
2018-09-05;INDX;10018385;8;BVMF;INDUSTRIAL;15374.9;15343.96;15507.94;15457.09;15374.56;15465.45;0.0059;15465.45;15471
2018-09-06;INDX;10018385;8;BVMF;INDUSTRIAL;15468.3;15468.3;15636.38;15534.03;15465.45;15609.97;0.0093;15609.97;15546
2018-09-10;INDX;10018385;8;BVMF;INDUSTRIAL;15609.97;15496.06;15700.14;15566.52;15609.97;15530.8;-0.005;15530.79;15548
2018-09-11;INDX;10018385;8;BVMF;INDUSTRIAL;15530.43;15289.51;15530.43;15362.91;15530.79;15360.76;-0.0109;15360.76;15332
2018-09-12;INDX;10018385;8;BVMF;INDUSTRIAL;15353.77;15258.73;15396.31;15310.81;15360.76;15287.04;-0.0047;15287.04;15313
2018-09-13;INDX;10018385;8;BVMF;INDUSTRIAL;15288.79;15118.61;15296.63;15177.97;15287.04;15149.04;-0.009;15149.03;15162
2018-09-14;INDX;10018385;8;BVMF;INDUSTRIAL;15149.03;15043.31;15253.5;15162.4;15149.03;15170.79;0.0014;15170.78;15168
2018-09-17;INDX;10018385;8;BVMF;INDUSTRIAL;15170.78;15135.55;15366.85;15290.89;15170.78;15330.25;0.0105;15330.25;15300
2018-09-18;INDX;10018385;8;BVMF;INDUSTRIAL;15331.12;15313.11;15553.14;15465.16;15330.25;15512.11;0.0118;15512.1;15484
2018-09-19;INDX;10018385;8;BVMF;INDUSTRIAL;15511.56;15329.26;15527.32;15449.19;15512.1;15423.27;-0.0057;15423.26;15416
2018-09-20;INDX;10018385;8;BVMF;INDUSTRIAL;15454.22;15264.88;15493.27;15326.33;15423.26;15279.79;-0.0093;15279.79;15303
2018-09-21;INDX;10018385;8;BVMF;INDUSTRIAL;15280.09;15280.09;15508.47;15416.11;15279.79;15380.61;0.0065;15380.61;15407
2018-09-24;INDX;10018385;8;BVMF;INDUSTRIAL;15379.48;15132.33;15382.71;15233.43;15380.61;15132.74;-0.0161;15132.74;15184
2018-09-25;INDX;10018385;8;BVMF;INDUSTRIAL;15131.79;15004.52;15322.21;15215.68;15132.74;15310.92;0.0117;15310.91;15275
2018-09-26;INDX;10018385;8;BVMF;INDUSTRIAL;15316.7;15292.58;15556.4;15457.13;15310.91;15446.65;0.0088;15446.64;15469
2018-09-27;INDX;10018385;8;BVMF;INDUSTRIAL;15447.1;15401.98;15585.71;15475.38;15446.64;15451.05;0.0002;15451.04;15434
2018-09-28;INDX;10018385;8;BVMF;INDUSTRIAL;15451.45;15306.42;15451.45;15357.81;15451.04;15367.59;-0.0054;15367.59;15332
2018-10-01;INDX;10018385;8;BVMF;INDUSTRIAL;15372.82;15180.87;15396.88;15240.56;15367.59;15216.06;-0.0098;15216.05;15233
2018-10-02;INDX;10018385;8;BVMF;INDUSTRIAL;15216.62;15216.62;15448.13;15320.07;15216.05;15301.84;0.0056;15301.84;15307
2018-10-03;INDX;10018385;8;BVMF;INDUSTRIAL;15302.82;15234.07;15549.83;15353.25;15301.84;15285.88;-0.001;15285.87;15292
2018-10-04;INDX;10018385;8;BVMF;INDUSTRIAL;15285.23;14945.25;15310.02;15056.62;15285.87;14998.75;-0.0187;14998.74;14993
2018-10-05;INDX;10018385;8;BVMF;INDUSTRIAL;14999.11;14822.7;15130.08;14902.29;14998.74;14877.43;-0.008;14877.43;14890
2018-10-08;INDX;10018385;8;BVMF;INDUSTRIAL;14877.91;14877.91;15332.25;15056.39;14877.43;15091.96;0.0144;15091.96;15035
2018-10-09;INDX;10018385;8;BVMF;INDUSTRIAL;15091.96;14917.21;15106.08;14994.87;15091.96;14917.62;-0.0115;14917.62;14966
2018-10-10;INDX;10018385;8;BVMF;INDUSTRIAL;14918.06;14701.76;14918.37;14776.86;14917.62;14701.76;-0.0144;14701.76;14754
2018-10-11;INDX;10018385;8;BVMF;INDUSTRIAL;14702.33;14569.51;14801.83;14680.13;14701.76;14603.22;-0.0067;14603.22;14645
2018-10-15;INDX;10018385;8;BVMF;INDUSTRIAL;14606.8;14535.33;14752.67;14628.08;14603.22;14572.03;-0.0021;14572.02;14615
2018-10-16;INDX;10018385;8;BVMF;INDUSTRIAL;14572.43;14572.43;14911.92;14813.31;14572.02;14911.64;0.0233;14911.63;14843
2018-10-17;INDX;10018385;8;BVMF;INDUSTRIAL;14911.15;14789.31;14980.85;14886.06;14911.63;14874;-0.0025;14873.99;14889
2018-10-18;INDX;10018385;8;BVMF;INDUSTRIAL;14873.99;14738.28;14882.52;14800.03;14873.99;14760.8;-0.0076;14760.79;14778
2018-10-19;INDX;10018385;8;BVMF;INDUSTRIAL;14761.78;14714.22;14911.05;14800.69;14760.79;14827.51;0.0045;14827.5;14782
2018-10-22;INDX;10018385;8;BVMF;INDUSTRIAL;14829.59;14829.59;15005.54;14921.61;14827.5;14968.4;0.0095;14968.4;14933
2018-10-23;INDX;10018385;8;BVMF;INDUSTRIAL;14967.86;14805.52;15041.27;14939.86;14968.4;14987.44;0.0012;14987.44;15006
2018-10-24;INDX;10018385;8;BVMF;INDUSTRIAL;14988.45;14674.66;15047.98;14819.01;14987.44;14694.14;-0.0195;14694.14;14777
2018-10-25;INDX;10018385;8;BVMF;INDUSTRIAL;14694.54;14543.6;14778.98;14655.86;14694.14;14639.01;-0.0037;14639.01;14678
2018-10-26;INDX;10018385;8;BVMF;INDUSTRIAL;14639.15;14414.45;14678.73;14556.53;14639.01;14599.38;-0.0027;14599.37;14587
2018-10-29;INDX;10018385;8;BVMF;INDUSTRIAL;14600.49;14276.15;14912;14619.71;14599.37;14422.83;-0.012;14422.83;14544
2018-10-30;INDX;10018385;8;BVMF;INDUSTRIAL;14425.43;14425.43;14813.01;14701.14;14422.83;14748.44;0.0225;14748.43;14716
2018-10-31;INDX;10018385;8;BVMF;INDUSTRIAL;14749.25;14749.25;15048.16;14933.52;14748.43;15017.42;0.0182;15017.42;14956
2018-11-01;INDX;10018385;8;BVMF;INDUSTRIAL;15017.42;14973.05;15236.89;15102.54;15017.42;15095.8;0.0052;15095.79;15102
2018-11-05;INDX;10018385;8;BVMF;INDUSTRIAL;15097.01;15097.01;15389.87;15284.2;15095.79;15303.89;0.0137;15303.89;15261
2018-11-06;INDX;10018385;8;BVMF;INDUSTRIAL;15304.39;15187.46;15371.69;15291.1;15303.89;15285.8;-0.0011;15285.8;15324
2018-11-07;INDX;10018385;8;BVMF;INDUSTRIAL;15286.15;15154.7;15448.34;15277.01;15285.8;15201.56;-0.0055;15201.56;15223
2018-11-08;INDX;10018385;8;BVMF;INDUSTRIAL;15202.88;14797.63;15272.04;15029.55;15201.56;14797.63;-0.0265;14797.63;14900
2018-11-09;INDX;10018385;8;BVMF;INDUSTRIAL;14797.14;14605.57;14931.81;14753.25;14797.63;14786.45;-0.0007;14786.44;14665
2018-11-12;INDX;10018385;8;BVMF;INDUSTRIAL;14786.44;14581.67;14857.19;14686.04;14786.44;14618.63;-0.0113;14618.63;14653
2018-11-13;INDX;10018385;8;BVMF;INDUSTRIAL;14618.8;14330.38;14741.91;14509.81;14618.63;14568.04;-0.0034;14568.03;14543
2018-11-14;INDX;10018385;8;BVMF;INDUSTRIAL;14568.69;14537.31;14924.85;14684.12;14568.03;14924.86;0.0244;14924.85;14761
2018-11-16;INDX;10018385;8;BVMF;INDUSTRIAL;14925.92;14839.72;15226.18;15017.01;14924.85;15225.01;0.0201;15225;15136
2018-11-19;INDX;10018385;8;BVMF;INDUSTRIAL;15225.11;14930.82;15225.11;15010.16;15225;15027.94;-0.0129;15027.93;14973
2018-11-21;INDX;10018385;8;BVMF;INDUSTRIAL;15023.13;14827.54;15031.68;14950.33;15027.93;15028.87;;15028.86;14958
2018-11-22;INDX;10018385;8;BVMF;INDUSTRIAL;15028.86;15028.86;15206.19;15161.02;15028.86;15172.52;0.0095;15172.52;15165
2018-11-23;INDX;10018385;8;BVMF;INDUSTRIAL;15173.16;14868.51;15174.56;14971.68;15172.52;14893.33;-0.0184;14893.33;14933
2018-11-26;INDX;10018385;8;BVMF;INDUSTRIAL;14893.61;14790.62;15046.7;14954.84;14893.33;14930.96;0.0025;14930.95;14888
2018-11-27;INDX;10018385;8;BVMF;INDUSTRIAL;14930.95;14828.22;15140.85;14996.96;14930.95;15082.54;0.0101;15082.53;15086
2018-11-28;INDX;10018385;8;BVMF;INDUSTRIAL;15082.53;14947.41;15183.77;15085.87;15082.53;15179.15;0.0064;15179.15;15140
2018-11-29;INDX;10018385;8;BVMF;INDUSTRIAL;15177.41;15117.25;15403.94;15298.8;15179.15;15338.75;0.0105;15338.74;15320
2018-11-30;INDX;10018385;8;BVMF;INDUSTRIAL;15338.3;15321.16;15493.67;15427.46;15338.74;15438.23;0.0064;15438.23;15431
2018-12-03;INDX;10018385;8;BVMF;INDUSTRIAL;15445.27;15445.27;15686.84;15602.38;15438.23;15563.8;0.0081;15563.79;15576
2018-12-04;INDX;10018385;8;BVMF;INDUSTRIAL;15564.4;15233.89;15622.84;15453.02;15563.79;15290.85;-0.0175;15290.85;15319
2018-12-05;INDX;10018385;8;BVMF;INDUSTRIAL;15290.85;15290.85;15421.25;15361.83;15290.85;15398.58;0.007;15398.58;15347
2018-12-06;INDX;10018385;8;BVMF;INDUSTRIAL;15397.75;15129.28;15397.75;15264.85;15398.58;15321.06;-0.005;15321.06;15264
2018-12-07;INDX;10018385;8;BVMF;INDUSTRIAL;15320.9;15096.48;15369.33;15257.04;15321.06;15135.25;-0.0121;15135.25;15197
2018-12-10;INDX;10018385;8;BVMF;INDUSTRIAL;15136.57;14859.59;15188.44;14993.93;15135.25;14880.27;-0.0168;14880.27;14902
2018-12-11;INDX;10018385;8;BVMF;INDUSTRIAL;14881.34;14763.67;15037.18;14901.06;14880.27;14853.32;-0.0018;14853.32;14824
2018-12-12;INDX;10018385;8;BVMF;INDUSTRIAL;14853.67;14853.67;15120.54;15024.87;14853.32;14988.27;0.009;14988.26;15018
2018-12-13;INDX;10018385;8;BVMF;INDUSTRIAL;14989.05;14989.05;15173.87;15100.42;14988.26;15173.03;0.0123;15173.03;15113
2018-12-14;INDX;10018385;8;BVMF;INDUSTRIAL;15173.12;15068.14;15253.83;15152.22;15173.03;15108.17;-0.0042;15108.16;15169
2018-12-17;INDX;10018385;8;BVMF;INDUSTRIAL;15108.16;15005.34;15205.37;15116.14;15108.16;15031.67;-0.005;15031.66;15087
2018-12-18;INDX;10018385;8;BVMF;INDUSTRIAL;15031.29;15031.29;15203.99;15138.6;15031.66;15121.11;0.0059;15121.11;15173
2018-12-19;INDX;10018385;8;BVMF;INDUSTRIAL;15121.52;14966.45;15345.76;15243.99;15121.11;14966.46;-0.0102;14966.45;15242
2018-12-20;INDX;10018385;8;BVMF;INDUSTRIAL;14966.45;14693.34;15086.34;14886.33;14966.45;14805.81;-0.0107;14805.8;14783
2018-12-21;INDX;10018385;8;BVMF;INDUSTRIAL;14805.49;14774.84;15017.84;14912.84;14805.8;14966.85;0.0108;14966.84;14915
2018-12-26;INDX;10018385;8;BVMF;INDUSTRIAL;14966.42;14779.73;15002.68;14869.46;14966.84;14876.28;-0.006;14876.27;14920
2018-12-27;INDX;10018385;8;BVMF;INDUSTRIAL;14877.19;14708.98;14938.85;14816.26;14876.27;14772.8;-0.0069;14772.8;14760
2018-12-28;INDX;10018385;8;BVMF;INDUSTRIAL;14773.22;14773.22;15109.89;14998.27;14772.8;15095.22;0.0218;15095.21;15054
